Timestamp,Pregnancies,Glucose,BloodPressure,SkinThickness,Insulin,BMI,DiabetesPedigreeFunction,Age,Prediction,Probability,RiskLevel
2026-09-09 12:59:04,4,119,74,25,32,31.2,0.375,35,1,70.0,High Risk
2026-09-09 12:59:18,4,119,74,28,32,31.2,0.375,35,0,21.43,Low Risk
2026-09-09 13:02:40,0,117,72,23,30,31.2,0.375,33,1,70.0,High Risk
2026-09-09 13:02:58,0,117,72,23,30,31.2,0.375,33,1,70.0,High Risk
2026-09-09 13:05:24,3,113,73,26,30,31.2,0.375,33,1,70.0,High Risk
2026-09-09 13:05:42,3,113,73,26,30,31.2,0.375,33,1,70.0,High Risk
2026-09-09 13:05:48,3,113,73,26,30,31.2,0.375,33,1,70.0,High Risk
2026-09-09 13:05:55,3,113,73,26,30,31.2,0.375,33,1,70.0,High Risk
2026-09-09 13:07:49,3,113,73,26,30,31.2,0.375,33,1,70.0,High Risk
2026-09-09 13:08:27,3,113,73,26,30,31.2,0.375,33,1,70.0,High Risk
2026-09-09 13:08:28,3,113,73,26,30,31.2,0.375,33,1,70.0,High Risk
2026-09-09 13:08:37,6,115,73,26,30,31.2,0.375,36,1,70.0,High Risk
2026-09-09 13:09:36,6,115,73,26,30,31.2,0.375,36,1,70.0,High Risk
2026-09-09 13:10:01,6,115,73,26,30,31.2,0.375,36,1,70.0,High Risk
2026-09-09 13:10:19,6,115,73,26,30,31.2,0.375,36,1,70.0,High Risk
2026-09-09 13:10:27,6,115,73,26,30,31.2,0.375,36,1,70.0,High Risk
2026-09-09 13:22:39,8,115,73,26,30,31.2,0.375,36,1,70.0,High Risk
2026-09-09 13:22:52,7,115,73,26,30,31.2,0.375,36,1,70.0,High Risk
2026-09-09 13:23:02,7,115,73,26,30,31.2,0.375,36,1,70.0,High Risk
2026-09-09 13:23:21,7,115,73,25,29,31.2,0.375,36,1,70.0,High Risk
